{
  "additional_special_tokens": [
    "<|endoftext|>",
    "<fim_prefix>",
    "<fim_middle>",
    "<fim_suffix>",
    "<fim_pad>",
    "<filename>",
    "<gh_stars>",
    "<issue_start>",
    "<issue_comment>",
    "<issue_closed>",
    "<jupyter_start>",
    "<jupyter_text>",
    "<jupyter_code>",
    "<jupyter_output>",
    "<empty_output>",
    "<commit_before>",
    "<commit_msg>",
    "<commit_after>",
    "<reponame>"
  ],
  "bos_token": "<|endoftext|>",
  "eos_token": "<|endoftext|>",
  "pad_token": "[PAD]",
  "unk_token": "<|endoftext|>"
}
